{"stats":{"minecraft:used":{"minecraft:sand":1},"minecraft:crafted":{"minecraft:oak_planks":20,"minecraft:crafting_table":1,"minecraft:stick":8,"minecraft:wooden_pickaxe":1,"minecraft:wooden_axe":1},"minecraft:custom":{"minecraft:time_since_rest":3617,"minecraft:crouch_one_cm":233,"minecraft:walk_one_cm":9526,"minecraft:sprint_one_cm":23515,"minecraft:play_time":7097,"minecraft:damage_taken":312,"minecraft:deaths":1,"minecraft:sneak_time":114,"minecraft:walk_under_water_one_cm":355,"minecraft:jump":140,"minecraft:damage_dealt":243,"minecraft:leave_game":1,"minecraft:time_since_death":3593,"minecraft:walk_on_water_one_cm":1959,"minecraft:total_world_time":7097,"minecraft:climb_one_cm":355,"minecraft:swim_one_cm":750,"minecraft:interact_with_crafting_table":2,"minecraft:fall_one_cm":4273,"minecraft:fly_one_cm":30710,"minecraft:player_kills":1},"minecraft:mined":{"minecraft:grass":2,"minecraft:oak_log":5,"minecraft:sand":1,"minecraft:sugar_cane":6},"minecraft:killed_by":{"minecraft:player":1},"minecraft:picked_up":{"minecraft:apple":1,"minecraft:sand":1,"minecraft:oak_log":5,"minecraft:oak_sapling":3,"minecraft:sugar_cane":13}},"DataVersion":3465}