{"stats":{"minecraft:used":{"minecraft:stone_sword":58,"minecraft:stone_pickaxe":74,"minecraft:wooden_pickaxe":16,"minecraft:iron_chestplate":1,"minecraft:oak_door":4,"minecraft:dirt":4,"minecraft:sand":25,"minecraft:crafting_table":5,"minecraft:wooden_axe":12,"minecraft:apple":1,"minecraft:iron_pickaxe":2,"minecraft:furnace":2,"minecraft:cooked_porkchop":2,"minecraft:oak_boat":2},"minecraft:crafted":{"minecraft:oak_door":3,"minecraft:oak_planks":48,"minecraft:cooked_porkchop":12,"minecraft:crafting_table":1,"minecraft:wooden_pickaxe":1,"minecraft:furnace":1,"minecraft:air":0,"minecraft:oak_boat":1,"minecraft:iron_chestplate":1,"minecraft:shield":1,"minecraft:stick":8,"minecraft:iron_ingot":12,"minecraft:iron_pickaxe":1,"minecraft:stone_pickaxe":1,"minecraft:wooden_axe":1,"minecraft:stone_sword":1},"minecraft:custom":{"minecraft:interact_with_furnace":16,"minecraft:mob_kills":17,"minecraft:interact_with_crafting_table":11,"minecraft:leave_game":1,"minecraft:time_since_death":11078,"minecraft:climb_one_cm":960,"minecraft:time_since_rest":11141,"minecraft:sprint_one_cm":91916,"minecraft:damage_taken":530,"minecraft:walk_one_cm":51532,"minecraft:drop":3,"minecraft:damage_dealt":2299,"minecraft:swim_one_cm":35857,"minecraft:fly_one_cm":104328,"minecraft:player_kills":1,"minecraft:open_chest":1,"minecraft:crouch_one_cm":3193,"minecraft:play_time":31097,"minecraft:deaths":2,"minecraft:sneak_time":1565,"minecraft:walk_under_water_one_cm":8097,"minecraft:boat_one_cm":105834,"minecraft:jump":558,"minecraft:walk_on_water_one_cm":8312,"minecraft:total_world_time":31097,"minecraft:fall_one_cm":14089},"minecraft:mined":{"minecraft:crafting_table":4,"minecraft:grass_block":1,"minecraft:tall_grass":3,"minecraft:cobblestone":6,"minecraft:sugar_cane":12,"minecraft:furnace":2,"minecraft:iron_ore":21,"minecraft:andesite":2,"minecraft:gold_block":2,"minecraft:grass":11,"minecraft:coal_ore":11,"minecraft:oak_log":12,"minecraft:sand":1,"minecraft:stone":47},"minecraft:dropped":{"minecraft:stone_sword":1,"minecraft:dirt":1,"minecraft:andesite":2},"minecraft:killed_by":{"minecraft:player":1,"minecraft:skeleton":1},"minecraft:killed":{"minecraft:pig":6,"minecraft:witch":1,"minecraft:sheep":4,"minecraft:skeleton":1,"minecraft:zombie":2,"minecraft:cow":3},"minecraft:picked_up":{"minecraft:wooden_axe":1,"minecraft:crafting_table":6,"minecraft:iron_chestplate":1,"minecraft:andesite":4,"minecraft:brown_wool":1,"minecraft:leather":2,"minecraft:wooden_pickaxe":1,"minecraft:gold_block":1,"minecraft:oak_log":12,"minecraft:shield":1,"minecraft:dirt":34,"minecraft:bone":4,"minecraft:apple":1,"minecraft:beef":4,"minecraft:iron_ingot":4,"minecraft:stone_pickaxe":3,"minecraft:oak_boat":2,"minecraft:sugar_cane":48,"minecraft:oak_planks":17,"minecraft:furnace":3,"minecraft:egg":2,"minecraft:raw_iron":39,"minecraft:stick":5,"minecraft:oak_door":3,"minecraft:porkchop":12,"minecraft:sand":61,"minecraft:stone_sword":2,"minecraft:arrow":6,"minecraft:rotten_flesh":3,"minecraft:oak_sapling":14,"minecraft:mutton":7,"minecraft:coal":36,"minecraft:white_wool":3,"minecraft:cobblestone":86}},"DataVersion":3465}