{"stats":{"minecraft:used":{"minecraft:wooden_axe":10,"minecraft:apple":1,"minecraft:stone_sword":16,"minecraft:stone_pickaxe":63,"minecraft:wooden_pickaxe":16,"minecraft:iron_chestplate":1,"minecraft:oak_door":4,"minecraft:sand":25,"minecraft:crafting_table":4,"minecraft:furnace":1,"minecraft:oak_boat":1},"minecraft:crafted":{"minecraft:oak_door":3,"minecraft:oak_boat":1,"minecraft:oak_planks":48,"minecraft:iron_chestplate":1,"minecraft:shield":1,"minecraft:crafting_table":1,"minecraft:stick":8,"minecraft:iron_ingot":9,"minecraft:wooden_pickaxe":1,"minecraft:stone_pickaxe":1,"minecraft:wooden_axe":1,"minecraft:stone_sword":1,"minecraft:furnace":1,"minecraft:air":0},"minecraft:custom":{"minecraft:time_since_rest":15617,"minecraft:interact_with_furnace":8,"minecraft:sprint_one_cm":40478,"minecraft:damage_taken":437,"minecraft:walk_one_cm":34369,"minecraft:mob_kills":3,"minecraft:damage_dealt":999,"minecraft:interact_with_crafting_table":10,"minecraft:swim_one_cm":26698,"minecraft:fly_one_cm":45682,"minecraft:player_kills":1,"minecraft:crouch_one_cm":2718,"minecraft:play_time":19097,"minecraft:deaths":1,"minecraft:sneak_time":1342,"minecraft:walk_under_water_one_cm":7301,"minecraft:boat_one_cm":29531,"minecraft:jump":265,"minecraft:leave_game":1,"minecraft:walk_on_water_one_cm":7134,"minecraft:time_since_death":15593,"minecraft:climb_one_cm":412,"minecraft:total_world_time":19097,"minecraft:fall_one_cm":6005},"minecraft:mined":{"minecraft:iron_ore":20,"minecraft:andesite":2,"minecraft:crafting_table":3,"minecraft:grass":2,"minecraft:grass_block":1,"minecraft:oak_log":12,"minecraft:coal_ore":11,"minecraft:sand":1,"minecraft:stone":46,"minecraft:sugar_cane":8},"minecraft:killed_by":{"minecraft:player":1},"minecraft:killed":{"minecraft:skeleton":1,"minecraft:zombie":1,"minecraft:witch":1},"minecraft:picked_up":{"minecraft:stick":2,"minecraft:crafting_table":3,"minecraft:raw_iron":20,"minecraft:oak_door":2,"minecraft:andesite":2,"minecraft:sand":43,"minecraft:oak_log":12,"minecraft:dirt":17,"minecraft:bone":1,"minecraft:arrow":2,"minecraft:rotten_flesh":1,"minecraft:apple":1,"minecraft:oak_boat":1,"minecraft:oak_sapling":7,"minecraft:sugar_cane":20,"minecraft:coal":11,"minecraft:cobblestone":46}},"DataVersion":3465}