{"stats":{"minecraft:used":{"minecraft:crafting_table":1,"minecraft:wooden_pickaxe":13},"minecraft:crafted":{"minecraft:oak_planks":24,"minecraft:crafting_table":1,"minecraft:stick":4,"minecraft:wooden_pickaxe":1},"minecraft:custom":{"minecraft:time_since_rest":3056,"minecraft:crouch_one_cm":428,"minecraft:walk_one_cm":4372,"minecraft:play_time":5374,"minecraft:sprint_one_cm":6077,"minecraft:damage_taken":245,"minecraft:deaths":1,"minecraft:sneak_time":251,"minecraft:walk_under_water_one_cm":156,"minecraft:jump":78,"minecraft:damage_dealt":291,"minecraft:time_since_death":3029,"minecraft:walk_on_water_one_cm":2438,"minecraft:total_world_time":5374,"minecraft:swim_one_cm":1789,"minecraft:interact_with_crafting_table":1,"minecraft:fall_one_cm":629,"minecraft:fly_one_cm":13024,"minecraft:player_kills":1},"minecraft:mined":{"minecraft:grass_block":1,"minecraft:oak_log":6,"minecraft:dirt":1,"minecraft:stone":13},"minecraft:killed_by":{"minecraft:player":1},"minecraft:picked_up":{"minecraft:oak_log":6,"minecraft:dirt":2,"minecraft:cobblestone":13}},"DataVersion":3465}