{"stats":{"minecraft:used":{"minecraft:stone_pickaxe":3,"minecraft:baked_potato":4,"minecraft:oak_planks":6,"minecraft:wooden_pickaxe":59,"minecraft:stone_axe":32,"minecraft:dirt":2,"minecraft:cobblestone":13,"minecraft:crafting_table":6,"minecraft:furnace":1,"minecraft:oak_sapling":1,"minecraft:cooked_cod":2,"minecraft:oak_boat":2},"minecraft:crafted":{"minecraft:oak_boat":1,"minecraft:oak_planks":56,"minecraft:iron_boots":1,"minecraft:shield":1,"minecraft:crafting_table":2,"minecraft:stick":16,"minecraft:iron_pickaxe":1,"minecraft:baked_potato":4,"minecraft:wooden_pickaxe":1,"minecraft:stone_pickaxe":2,"minecraft:furnace":1,"minecraft:stone_axe":2,"minecraft:air":0},"minecraft:custom":{"minecraft:time_since_rest":15468,"minecraft:interact_with_furnace":2,"minecraft:sprint_one_cm":53573,"minecraft:damage_taken":1300,"minecraft:walk_one_cm":15457,"minecraft:mob_kills":2,"minecraft:drop":9,"minecraft:damage_dealt":770,"minecraft:player_kills":1,"minecraft:interact_with_crafting_table":11,"minecraft:swim_one_cm":32372,"minecraft:fly_one_cm":138922,"minecraft:open_chest":6,"minecraft:crouch_one_cm":3550,"minecraft:play_time":29374,"minecraft:deaths":4,"minecraft:sneak_time":1957,"minecraft:walk_under_water_one_cm":9987,"minecraft:boat_one_cm":98689,"minecraft:jump":597,"minecraft:walk_on_water_one_cm":19133,"minecraft:time_since_death":15442,"minecraft:total_world_time":29374,"minecraft:climb_one_cm":1812,"minecraft:fall_one_cm":16631},"minecraft:mined":{"minecraft:furnace":1,"minecraft:spruce_log":8,"minecraft:crafting_table":6,"minecraft:grass":1,"minecraft:grass_block":4,"minecraft:oak_log":12,"minecraft:gravel":1,"minecraft:sand":3,"minecraft:dirt":3,"minecraft:cobblestone":2,"minecraft:spruce_leaves":3,"minecraft:stone":59,"minecraft:sugar_cane":4,"minecraft:oak_planks":2},"minecraft:dropped":{"minecraft:lily_pad":9},"minecraft:killed_by":{"minecraft:player":1,"minecraft:skeleton":1,"minecraft:creeper":1},"minecraft:killed":{"minecraft:zombie":2},"minecraft:broken":{"minecraft:wooden_pickaxe":1},"minecraft:picked_up":{"minecraft:stick":3,"minecraft:crafting_table":7,"minecraft:gravel":1,"minecraft:potato":15,"minecraft:filled_map":3,"minecraft:sand":3,"minecraft:oak_log":14,"minecraft:lily_pad":9,"minecraft:spruce_log":8,"minecraft:shield":1,"minecraft:paper":147,"minecraft:dirt":13,"minecraft:rotten_flesh":2,"minecraft:stone_axe":3,"minecraft:iron_ingot":1,"minecraft:stone_pickaxe":1,"minecraft:oak_boat":2,"minecraft:bamboo":4,"minecraft:oak_sapling":1,"minecraft:sugar_cane":7,"minecraft:oak_planks":17,"minecraft:coal":12,"minecraft:cobblestone":187,"minecraft:furnace":1}},"DataVersion":3465}