{"stats":{"minecraft:used":{"minecraft:stone_pickaxe":3,"minecraft:baked_potato":2,"minecraft:oak_planks":6,"minecraft:wooden_pickaxe":59,"minecraft:stone_axe":13,"minecraft:dirt":2,"minecraft:cobblestone":13,"minecraft:crafting_table":4,"minecraft:furnace":1,"minecraft:oak_sapling":1},"minecraft:crafted":{"minecraft:oak_planks":32,"minecraft:shield":1,"minecraft:crafting_table":2,"minecraft:stick":12,"minecraft:baked_potato":4,"minecraft:wooden_pickaxe":1,"minecraft:stone_pickaxe":2,"minecraft:furnace":1,"minecraft:stone_axe":2,"minecraft:air":0},"minecraft:custom":{"minecraft:time_since_rest":3468,"minecraft:interact_with_furnace":2,"minecraft:sprint_one_cm":38139,"minecraft:damage_taken":1140,"minecraft:walk_one_cm":10117,"minecraft:mob_kills":2,"minecraft:damage_dealt":770,"minecraft:player_kills":1,"minecraft:interact_with_crafting_table":8,"minecraft:swim_one_cm":19915,"minecraft:fly_one_cm":104295,"minecraft:open_chest":3,"minecraft:crouch_one_cm":3457,"minecraft:play_time":17374,"minecraft:deaths":4,"minecraft:sneak_time":1440,"minecraft:walk_under_water_one_cm":2424,"minecraft:jump":449,"minecraft:walk_on_water_one_cm":7461,"minecraft:time_since_death":3442,"minecraft:total_world_time":17374,"minecraft:climb_one_cm":1286,"minecraft:fall_one_cm":12701},"minecraft:mined":{"minecraft:furnace":1,"minecraft:crafting_table":4,"minecraft:grass_block":4,"minecraft:oak_log":6,"minecraft:dirt":3,"minecraft:cobblestone":2,"minecraft:stone":59,"minecraft:oak_planks":2},"minecraft:killed_by":{"minecraft:player":1,"minecraft:skeleton":1,"minecraft:creeper":1},"minecraft:killed":{"minecraft:zombie":2},"minecraft:broken":{"minecraft:wooden_pickaxe":1},"minecraft:picked_up":{"minecraft:stick":2,"minecraft:crafting_table":5,"minecraft:potato":15,"minecraft:filled_map":3,"minecraft:oak_log":8,"minecraft:shield":1,"minecraft:paper":147,"minecraft:dirt":13,"minecraft:rotten_flesh":2,"minecraft:stone_axe":3,"minecraft:iron_ingot":1,"minecraft:stone_pickaxe":1,"minecraft:bamboo":4,"minecraft:oak_sapling":1,"minecraft:oak_planks":17,"minecraft:coal":12,"minecraft:cobblestone":187,"minecraft:furnace":1}},"DataVersion":3465}